trial,seed,agent,forward_probability,score
1,42,uba,1.0,-42
2,43,uba,1.0,1000
3,44,uba,1.0,958
4,45,uba,1.0,-54
5,46,uba,1.0,-26
6,47,uba,1.0,998
7,48,uba,1.0,997
8,49,uba,1.0,-34
9,50,uba,1.0,-46
10,51,uba,1.0,985
11,52,uba,1.0,-44
12,53,uba,1.0,-42
13,54,uba,1.0,-20
14,55,uba,1.0,979
15,56,uba,1.0,995
16,57,uba,1.0,992
17,58,uba,1.0,-51
18,59,uba,1.0,1000
19,60,uba,1.0,985
20,61,uba,1.0,-54
21,62,uba,1.0,-40
22,63,uba,1.0,979
23,64,uba,1.0,982
24,65,uba,1.0,992
25,66,uba,1.0,986
26,67,uba,1.0,985
27,68,uba,1.0,-44
28,69,uba,1.0,981
29,70,uba,1.0,-38
30,71,uba,1.0,-39
